Sample_ID;Группа;Result;Rep;Units;Param
S101;Контроль;1,314;1;ед;Оптическая плотность
S101;Контроль;1,153;2;ед;Оптическая плотность
S101;Контроль;1,348;3;ед;Оптическая плотность
S101;Контроль;1,259;4;ед;Оптическая плотность
S101;Контроль;1,210;5;ед;Оптическая плотность
S101;Контроль;1,303;6;ед;Оптическая плотность
S101;Контроль;1,039;7;ед;Оптическая плотность
S101;Контроль;1,248;8;ед;Оптическая плотность
S101;Контроль;1,319;9;ед;Оптическая плотность
S101;Контроль;1,360;10;ед;Оптическая плотность
S101;Контроль;1,214;11;ед;Оптическая плотность
S101;Контроль;1,191;12;ед;Оптическая плотность
S101;Контроль;1,283;13;ед;Оптическая плотность
S101;Контроль;1,284;14;ед;Оптическая плотность
S101;Контроль;1,205;15;ед;Оптическая плотность
S101;Контроль;1,298;16;ед;Оптическая плотность
S101;Контроль;1,253;17;ед;Оптическая плотность
S101;Контроль;1,408;18;ед;Оптическая плотность
S101;Контроль;1,201;19;ед;Оптическая плотность
S101;Контроль;1,170;20;ед;Оптическая плотность
S101;Контроль;1,011;21;ед;Оптическая плотность
S101;Контроль;1,321;22;ед;Оптическая плотность
S101;Контроль;1,190;23;ед;Оптическая плотность
S101;Контроль;1,323;24;ед;Оптическая плотность
S102;Контроль;1,289;1;ед;Оптическая плотность
S102;Контроль;1,327;2;ед;Оптическая плотность
S102;Контроль;1,172;3;ед;Оптическая плотность
S102;Контроль;1,327;4;ед;Оптическая плотность
S102;Контроль;1,199;5;ед;Оптическая плотность
S102;Контроль;1,325;6;ед;Оптическая плотность
S102;Контроль;1,314;7;ед;Оптическая плотность
S102;Контроль;1,370;8;ед;Оптическая плотность
S102;Контроль;1,122;9;ед;Оптическая плотность
S102;Контроль;1,251;10;ед;Оптическая плотность
S102;Контроль;1,304;11;ед;Оптическая плотность
S102;Контроль;1,076;12;ед;Оптическая плотность
S102;Контроль;1,174;13;ед;Оптическая плотность
S102;Контроль;1,249;14;ед;Оптическая плотность
S102;Контроль;1,055;15;ед;Оптическая плотность
S102;Контроль;1,084;16;ед;Оптическая плотность
S102;Контроль;0,995;17;ед;Оптическая плотность
S102;Контроль;1,270;18;ед;Оптическая плотность
S102;Контроль;1,372;19;ед;Оптическая плотность
S102;Контроль;1,121;20;ед;Оптическая плотность
S102;Контроль;1,316;21;ед;Оптическая плотность
S102;Контроль;1,096;22;ед;Оптическая плотность
S102;Контроль;1,162;23;ед;Оптическая плотность
S102;Контроль;1,257;24;ед;Оптическая плотность
S103;Контроль;1,265;1;ед;Оптическая плотность
S103;Контроль;1,391;2;ед;Оптическая плотность
S103;Контроль;1,050;3;ед;Оптическая плотность
S103;Контроль;1,353;4;ед;Оптическая плотность
S103;Контроль;1,255;5;ед;Оптическая плотность
S103;Контроль;1,322;6;ед;Оптическая плотность
S103;Контроль;1,210;7;ед;Оптическая плотность
S103;Контроль;1,108;8;ед;Оптическая плотность
S103;Контроль;1,322;9;ед;Оптическая плотность
S103;Контроль;1,288;10;ед;Оптическая плотность
S103;Контроль;1,271;11;ед;Оптическая плотность
S103;Контроль;1,108;12;ед;Оптическая плотность
S103;Контроль;1,252;13;ед;Оптическая плотность
S103;Контроль;1,249;14;ед;Оптическая плотность
S103;Контроль;1,378;15;ед;Оптическая плотность
S103;Контроль;1,261;16;ед;Оптическая плотность
S103;Контроль;1,122;17;ед;Оптическая плотность
S103;Контроль;1,157;18;ед;Оптическая плотность
S103;Контроль;1,263;19;ед;Оптическая плотность
S103;Контроль;1,159;20;ед;Оптическая плотность
S103;Контроль;1,292;21;ед;Оптическая плотность
S103;Контроль;1,124;22;ед;Оптическая плотность
S103;Контроль;1,264;23;ед;Оптическая плотность
S103;Контроль;1,353;24;ед;Оптическая плотность
S104;Контроль;1,247;1;ед;Оптическая плотность
S104;Контроль;1,438;2;ед;Оптическая плотность
S104;Контроль;1,336;3;ед;Оптическая плотность
S104;Контроль;1,067;4;ед;Оптическая плотность
S104;Контроль;1,370;5;ед;Оптическая плотность
S104;Контроль;1,228;6;ед;Оптическая плотность
S104;Контроль;1,201;7;ед;Оптическая плотность
S104;Контроль;1,277;8;ед;Оптическая плотность
S104;Контроль;0,966;9;ед;Оптическая плотность
S104;Контроль;1,267;10;ед;Оптическая плотность
S104;Контроль;1,258;11;ед;Оптическая плотность
S104;Контроль;1,345;12;ед;Оптическая плотность
S104;Контроль;1,201;13;ед;Оптическая плотность
S104;Контроль;1,370;14;ед;Оптическая плотность
S104;Контроль;1,164;15;ед;Оптическая плотность
S104;Контроль;1,035;16;ед;Оптическая плотность
S104;Контроль;1,479;17;ед;Оптическая плотность
S104;Контроль;1,278;18;ед;Оптическая плотность
S104;Контроль;1,262;19;ед;Оптическая плотность
S104;Контроль;1,212;20;ед;Оптическая плотность
S104;Контроль;1,167;21;ед;Оптическая плотность
S104;Контроль;1,256;22;ед;Оптическая плотность
S104;Контроль;1,152;23;ед;Оптическая плотность
S104;Контроль;1,420;24;ед;Оптическая плотность
S105;Контроль;1,211;1;ед;Оптическая плотность
S105;Контроль;1,308;2;ед;Оптическая плотность
S105;Контроль;1,016;3;ед;Оптическая плотность
S105;Контроль;1,301;4;ед;Оптическая плотность
S105;Контроль;1,063;5;ед;Оптическая плотность
S105;Контроль;1,081;6;ед;Оптическая плотность
S105;Контроль;1,323;7;ед;Оптическая плотность
S105;Контроль;1,235;8;ед;Оптическая плотность
S105;Контроль;1,288;9;ед;Оптическая плотность
S105;Контроль;1,230;10;ед;Оптическая плотность
S105;Контроль;1,159;11;ед;Оптическая плотность
S105;Контроль;1,097;12;ед;Оптическая плотность
S105;Контроль;1,187;13;ед;Оптическая плотность
S105;Контроль;1,212;14;ед;Оптическая плотность
S105;Контроль;1,279;15;ед;Оптическая плотность
S105;Контроль;1,259;16;ед;Оптическая плотность
S105;Контроль;1,204;17;ед;Оптическая плотность
S105;Контроль;1,276;18;ед;Оптическая плотность
S105;Контроль;1,239;19;ед;Оптическая плотность
S105;Контроль;1,021;20;ед;Оптическая плотность
S105;Контроль;1,229;21;ед;Оптическая плотность
S105;Контроль;1,313;22;ед;Оптическая плотность
S105;Контроль;1,177;23;ед;Оптическая плотность
S105;Контроль;1,217;24;ед;Оптическая плотность
S106;Контроль;1,309;1;ед;Оптическая плотность
S106;Контроль;1,122;2;ед;Оптическая плотность
S106;Контроль;1,351;3;ед;Оптическая плотность
S106;Контроль;1,227;4;ед;Оптическая плотность
S106;Контроль;1,271;5;ед;Оптическая плотность
S106;Контроль;1,200;6;ед;Оптическая плотность
S106;Контроль;1,302;7;ед;Оптическая плотность
S106;Контроль;1,293;8;ед;Оптическая плотность
S106;Контроль;1,335;9;ед;Оптическая плотность
S106;Контроль;1,151;10;ед;Оптическая плотность
S106;Контроль;1,229;11;ед;Оптическая плотность
S106;Контроль;1,203;12;ед;Оптическая плотность
S106;Контроль;1,202;13;ед;Оптическая плотность
S106;Контроль;1,342;14;ед;Оптическая плотность
S106;Контроль;1,348;15;ед;Оптическая плотность
S106;Контроль;1,199;16;ед;Оптическая плотность
S106;Контроль;1,363;17;ед;Оптическая плотность
S106;Контроль;1,101;18;ед;Оптическая плотность
S106;Контроль;1,239;19;ед;Оптическая плотность
S106;Контроль;1,298;20;ед;Оптическая плотность
S106;Контроль;1,278;21;ед;Оптическая плотность
S106;Контроль;1,085;22;ед;Оптическая плотность
S106;Контроль;1,487;23;ед;Оптическая плотность
S106;Контроль;1,306;24;ед;Оптическая плотность
S107;Контроль;1,178;1;ед;Оптическая плотность
S107;Контроль;1,216;2;ед;Оптическая плотность
S107;Контроль;1,281;3;ед;Оптическая плотность
S107;Контроль;1,285;4;ед;Оптическая плотность
S107;Контроль;1,511;5;ед;Оптическая плотность
S107;Контроль;1,063;6;ед;Оптическая плотность
S107;Контроль;1,255;7;ед;Оптическая плотность
S107;Контроль;1,316;8;ед;Оптическая плотность
S107;Контроль;1,149;9;ед;Оптическая плотность
S107;Контроль;1,244;10;ед;Оптическая плотность
S107;Контроль;1,404;11;ед;Оптическая плотность
S107;Контроль;1,218;12;ед;Оптическая плотность
S107;Контроль;1,282;13;ед;Оптическая плотность
S107;Контроль;1,171;14;ед;Оптическая плотность
S107;Контроль;1,379;15;ед;Оптическая плотность
S107;Контроль;1,126;16;ед;Оптическая плотность
S107;Контроль;1,225;17;ед;Оптическая плотность
S107;Контроль;1,206;18;ед;Оптическая плотность
S107;Контроль;1,332;19;ед;Оптическая плотность
S107;Контроль;1,426;20;ед;Оптическая плотность
S107;Контроль;1,071;21;ед;Оптическая плотность
S107;Контроль;1,284;22;ед;Оптическая плотность
S107;Контроль;1,231;23;ед;Оптическая плотность
S107;Контроль;1,198;24;ед;Оптическая плотность
S108;Контроль;1,288;1;ед;Оптическая плотность
S108;Контроль;1,271;2;ед;Оптическая плотность
S108;Контроль;1,301;3;ед;Оптическая плотность
S108;Контроль;1,289;4;ед;Оптическая плотность
S108;Контроль;1,231;5;ед;Оптическая плотность
S108;Контроль;1,232;6;ед;Оптическая плотность
S108;Контроль;1,417;7;ед;Оптическая плотность
S108;Контроль;1,187;8;ед;Оптическая плотность
S108;Контроль;1,127;9;ед;Оптическая плотность
S108;Контроль;1,243;10;ед;Оптическая плотность
S108;Контроль;1,365;11;ед;Оптическая плотность
S108;Контроль;1,401;12;ед;Оптическая плотность
S108;Контроль;1,091;13;ед;Оптическая плотность
S108;Контроль;1,063;14;ед;Оптическая плотность
S108;Контроль;1,237;15;ед;Оптическая плотность
S108;Контроль;1,278;16;ед;Оптическая плотность
S108;Контроль;1,117;17;ед;Оптическая плотность
S108;Контроль;1,285;18;ед;Оптическая плотность
S108;Контроль;1,264;19;ед;Оптическая плотность
S108;Контроль;1,219;20;ед;Оптическая плотность
S108;Контроль;1,284;21;ед;Оптическая плотность
S108;Контроль;1,299;22;ед;Оптическая плотность
S108;Контроль;1,324;23;ед;Оптическая плотность
S108;Контроль;1,217;24;ед;Оптическая плотность
S109;Контроль;1,190;1;ед;Оптическая плотность
S109;Контроль;1,134;2;ед;Оптическая плотность
S109;Контроль;1,159;3;ед;Оптическая плотность
S109;Контроль;1,239;4;ед;Оптическая плотность
S109;Контроль;1,189;5;ед;Оптическая плотность
S109;Контроль;1,262;6;ед;Оптическая плотность
S109;Контроль;1,060;7;ед;Оптическая плотность
S109;Контроль;1,274;8;ед;Оптическая плотность
S109;Контроль;1,145;9;ед;Оптическая плотность
S109;Контроль;1,273;10;ед;Оптическая плотность
S109;Контроль;1,192;11;ед;Оптическая плотность
S109;Контроль;1,167;12;ед;Оптическая плотность
S109;Контроль;1,158;13;ед;Оптическая плотность
S109;Контроль;1,328;14;ед;Оптическая плотность
S109;Контроль;1,197;15;ед;Оптическая плотность
S109;Контроль;1,337;16;ед;Оптическая плотность
S109;Контроль;1,207;17;ед;Оптическая плотность
S109;Контроль;1,290;18;ед;Оптическая плотность
S109;Контроль;1,277;19;ед;Оптическая плотность
S109;Контроль;1,210;20;ед;Оптическая плотность
S109;Контроль;1,182;21;ед;Оптическая плотность
S109;Контроль;1,176;22;ед;Оптическая плотность
S109;Контроль;1,293;23;ед;Оптическая плотность
S109;Контроль;1,132;24;ед;Оптическая плотность
S110;Контроль;1,254;1;ед;Оптическая плотность
S110;Контроль;1,221;2;ед;Оптическая плотность
S110;Контроль;1,069;3;ед;Оптическая плотность
S110;Контроль;1,132;4;ед;Оптическая плотность
S110;Контроль;1,295;5;ед;Оптическая плотность
S110;Контроль;1,233;6;ед;Оптическая плотность
S110;Контроль;1,222;7;ед;Оптическая плотность
S110;Контроль;1,373;8;ед;Оптическая плотность
S110;Контроль;1,181;9;ед;Оптическая плотность
S110;Контроль;1,213;10;ед;Оптическая плотность
S110;Контроль;1,285;11;ед;Оптическая плотность
S110;Контроль;1,189;12;ед;Оптическая плотность
S110;Контроль;1,085;13;ед;Оптическая плотность
S110;Контроль;1,211;14;ед;Оптическая плотность
S110;Контроль;1,224;15;ед;Оптическая плотность
S110;Контроль;1,197;16;ед;Оптическая плотность
S110;Контроль;1,495;17;ед;Оптическая плотность
S110;Контроль;1,067;18;ед;Оптическая плотность
S110;Контроль;1,418;19;ед;Оптическая плотность
S110;Контроль;1,377;20;ед;Оптическая плотность
S110;Контроль;1,161;21;ед;Оптическая плотность
S110;Контроль;1,222;22;ед;Оптическая плотность
S110;Контроль;1,023;23;ед;Оптическая плотность
S110;Контроль;1,284;24;ед;Оптическая плотность
S111;Контроль;1,036;1;ед;Оптическая плотность
S111;Контроль;1,297;2;ед;Оптическая плотность
S111;Контроль;1,115;3;ед;Оптическая плотность
S111;Контроль;1,337;4;ед;Оптическая плотность
S111;Контроль;1,104;5;ед;Оптическая плотность
S111;Контроль;1,218;6;ед;Оптическая плотность
S111;Контроль;1,497;7;ед;Оптическая плотность
S111;Контроль;1,437;8;ед;Оптическая плотность
S111;Контроль;1,007;9;ед;Оптическая плотность
S111;Контроль;1,302;10;ед;Оптическая плотность
S111;Контроль;1,299;11;ед;Оптическая плотность
S111;Контроль;1,325;12;ед;Оптическая плотность
S111;Контроль;1,051;13;ед;Оптическая плотность
S111;Контроль;1,454;14;ед;Оптическая плотность
S111;Контроль;1,179;15;ед;Оптическая плотность
S111;Контроль;1,203;16;ед;Оптическая плотность
S111;Контроль;1,072;17;ед;Оптическая плотность
S111;Контроль;1,304;18;ед;Оптическая плотность
S111;Контроль;1,171;19;ед;Оптическая плотность
S111;Контроль;1,368;20;ед;Оптическая плотность
S111;Контроль;1,154;21;ед;Оптическая плотность
S111;Контроль;1,443;22;ед;Оптическая плотность
S111;Контроль;1,124;23;ед;Оптическая плотность
S111;Контроль;1,208;24;ед;Оптическая плотность
S112;Контроль;0,968;1;ед;Оптическая плотность
S112;Контроль;1,327;2;ед;Оптическая плотность
S112;Контроль;1,341;3;ед;Оптическая плотность
S112;Контроль;1,246;4;ед;Оптическая плотность
S112;Контроль;1,103;5;ед;Оптическая плотность
S112;Контроль;1,427;6;ед;Оптическая плотность
S112;Контроль;1,316;7;ед;Оптическая плотность
S112;Контроль;1,254;8;ед;Оптическая плотность
S112;Контроль;1,347;9;ед;Оптическая плотность
S112;Контроль;1,066;10;ед;Оптическая плотность
S112;Контроль;1,474;11;ед;Оптическая плотность
S112;Контроль;1,015;12;ед;Оптическая плотность
S112;Контроль;1,169;13;ед;Оптическая плотность
S112;Контроль;1,277;14;ед;Оптическая плотность
S112;Контроль;1,264;15;ед;Оптическая плотность
S112;Контроль;1,192;16;ед;Оптическая плотность
S112;Контроль;1,396;17;ед;Оптическая плотность
S112;Контроль;1,110;18;ед;Оптическая плотность
S112;Контроль;1,200;19;ед;Оптическая плотность
S112;Контроль;1,360;20;ед;Оптическая плотность
S112;Контроль;1,303;21;ед;Оптическая плотность
S112;Контроль;1,168;22;ед;Оптическая плотность
S112;Контроль;1,363;23;ед;Оптическая плотность
S112;Контроль;0,977;24;ед;Оптическая плотность
S113;Контроль;1,064;1;ед;Оптическая плотность
S113;Контроль;1,292;2;ед;Оптическая плотность
S113;Контроль;1,156;3;ед;Оптическая плотность
S113;Контроль;1,035;4;ед;Оптическая плотность
S113;Контроль;1,453;5;ед;Оптическая плотность
S113;Контроль;1,233;6;ед;Оптическая плотность
S113;Контроль;1,387;7;ед;Оптическая плотность
S113;Контроль;1,165;8;ед;Оптическая плотность
S113;Контроль;1,193;9;ед;Оптическая плотность
S113;Контроль;1,137;10;ед;Оптическая плотность
S113;Контроль;1,354;11;ед;Оптическая плотность
S113;Контроль;1,175;12;ед;Оптическая плотность
S113;Контроль;1,532;13;ед;Оптическая плотность
S113;Контроль;1,200;14;ед;Оптическая плотность
S113;Контроль;1,277;15;ед;Оптическая плотность
S113;Контроль;1,144;16;ед;Оптическая плотность
S113;Контроль;1,286;17;ед;Оптическая плотность
S113;Контроль;1,278;18;ед;Оптическая плотность
S113;Контроль;1,281;19;ед;Оптическая плотность
S113;Контроль;1,043;20;ед;Оптическая плотность
S113;Контроль;1,255;21;ед;Оптическая плотность
S113;Контроль;1,122;22;ед;Оптическая плотность
S113;Контроль;1,346;23;ед;Оптическая плотность
S113;Контроль;1,167;24;ед;Оптическая плотность
S114;Контроль;1,199;1;ед;Оптическая плотность
S114;Контроль;1,211;2;ед;Оптическая плотность
S114;Контроль;1,231;3;ед;Оптическая плотность
S114;Контроль;1,214;4;ед;Оптическая плотность
S114;Контроль;0,949;5;ед;Оптическая плотность
S114;Контроль;1,173;6;ед;Оптическая плотность
S114;Контроль;1,325;7;ед;Оптическая плотность
S114;Контроль;1,220;8;ед;Оптическая плотность
S114;Контроль;1,175;9;ед;Оптическая плотность
S114;Контроль;1,158;10;ед;Оптическая плотность
S114;Контроль;1,037;11;ед;Оптическая плотность
S114;Контроль;1,217;12;ед;Оптическая плотность
S114;Контроль;1,240;13;ед;Оптическая плотность
S114;Контроль;1,121;14;ед;Оптическая плотность
S114;Контроль;1,131;15;ед;Оптическая плотность
S114;Контроль;1,006;16;ед;Оптическая плотность
S114;Контроль;1,257;17;ед;Оптическая плотность
S114;Контроль;1,208;18;ед;Оптическая плотность
S114;Контроль;1,235;19;ед;Оптическая плотность
S114;Контроль;1,231;20;ед;Оптическая плотность
S114;Контроль;1,233;21;ед;Оптическая плотность
S114;Контроль;1,210;22;ед;Оптическая плотность
S114;Контроль;1,175;23;ед;Оптическая плотность
S114;Контроль;1,023;24;ед;Оптическая плотность
S115;Контроль;1,267;1;ед;Оптическая плотность
S115;Контроль;1,435;2;ед;Оптическая плотность
S115;Контроль;0,939;3;ед;Оптическая плотность
S115;Контроль;1,398;4;ед;Оптическая плотность
S115;Контроль;1,240;5;ед;Оптическая плотность
S115;Контроль;1,270;6;ед;Оптическая плотность
S115;Контроль;1,191;7;ед;Оптическая плотность
S115;Контроль;1,310;8;ед;Оптическая плотность
S115;Контроль;1,074;9;ед;Оптическая плотность
S115;Контроль;1,212;10;ед;Оптическая плотность
S115;Контроль;1,351;11;ед;Оптическая плотность
S115;Контроль;1,299;12;ед;Оптическая плотность
S115;Контроль;1,202;13;ед;Оптическая плотность
S115;Контроль;1,239;14;ед;Оптическая плотность
S115;Контроль;1,221;15;ед;Оптическая плотность
S115;Контроль;1,181;16;ед;Оптическая плотность
S115;Контроль;1,105;17;ед;Оптическая плотность
S115;Контроль;1,441;18;ед;Оптическая плотность
S115;Контроль;1,217;19;ед;Оптическая плотность
S115;Контроль;1,455;20;ед;Оптическая плотность
S115;Контроль;1,308;21;ед;Оптическая плотность
S115;Контроль;1,256;22;ед;Оптическая плотность
S115;Контроль;1,171;23;ед;Оптическая плотность
S115;Контроль;1,330;24;ед;Оптическая плотность
S116;Контроль;1,228;1;ед;Оптическая плотность
S116;Контроль;1,260;2;ед;Оптическая плотность
S116;Контроль;1,343;3;ед;Оптическая плотность
S116;Контроль;1,191;4;ед;Оптическая плотность
S116;Контроль;1,254;5;ед;Оптическая плотность
S116;Контроль;1,437;6;ед;Оптическая плотность
S116;Контроль;1,191;7;ед;Оптическая плотность
S116;Контроль;1,129;8;ед;Оптическая плотность
S116;Контроль;1,389;9;ед;Оптическая плотность
S116;Контроль;1,326;10;ед;Оптическая плотность
S116;Контроль;1,299;11;ед;Оптическая плотность
S116;Контроль;1,263;12;ед;Оптическая плотность
S116;Контроль;1,208;13;ед;Оптическая плотность
S116;Контроль;1,211;14;ед;Оптическая плотность
S116;Контроль;1,199;15;ед;Оптическая плотность
S116;Контроль;1,186;16;ед;Оптическая плотность
S116;Контроль;1,245;17;ед;Оптическая плотность
S116;Контроль;1,208;18;ед;Оптическая плотность
S116;Контроль;1,208;19;ед;Оптическая плотность
S116;Контроль;1,224;20;ед;Оптическая плотность
S116;Контроль;1,351;21;ед;Оптическая плотность
S116;Контроль;1,040;22;ед;Оптическая плотность
S116;Контроль;1,194;23;ед;Оптическая плотность
S116;Контроль;1,272;24;ед;Оптическая плотность
S117;Контроль;1,119;1;ед;Оптическая плотность
S117;Контроль;1,080;2;ед;Оптическая плотность
S117;Контроль;1,449;3;ед;Оптическая плотность
S117;Контроль;1,196;4;ед;Оптическая плотность
S117;Контроль;1,220;5;ед;Оптическая плотность
S117;Контроль;1,156;6;ед;Оптическая плотность
S117;Контроль;1,240;7;ед;Оптическая плотность
S117;Контроль;1,304;8;ед;Оптическая плотность
S117;Контроль;1,046;9;ед;Оптическая плотность
S117;Контроль;1,361;10;ед;Оптическая плотность
S117;Контроль;1,218;11;ед;Оптическая плотность
S117;Контроль;1,057;12;ед;Оптическая плотность
S117;Контроль;1,178;13;ед;Оптическая плотность
S117;Контроль;1,156;14;ед;Оптическая плотность
S117;Контроль;1,075;15;ед;Оптическая плотность
S117;Контроль;1,236;16;ед;Оптическая плотность
S117;Контроль;1,195;17;ед;Оптическая плотность
S117;Контроль;1,214;18;ед;Оптическая плотность
S117;Контроль;1,327;19;ед;Оптическая плотность
S117;Контроль;1,246;20;ед;Оптическая плотность
S117;Контроль;1,238;21;ед;Оптическая плотность
S117;Контроль;1,452;22;ед;Оптическая плотность
S117;Контроль;1,331;23;ед;Оптическая плотность
S117;Контроль;1,322;24;ед;Оптическая плотность
S118;Контроль;1,256;1;ед;Оптическая плотность
S118;Контроль;1,418;2;ед;Оптическая плотность
S118;Контроль;1,438;3;ед;Оптическая плотность
S118;Контроль;1,391;4;ед;Оптическая плотность
S118;Контроль;1,158;5;ед;Оптическая плотность
S118;Контроль;1,036;6;ед;Оптическая плотность
S118;Контроль;1,234;7;ед;Оптическая плотность
S118;Контроль;1,249;8;ед;Оптическая плотность
S118;Контроль;1,207;9;ед;Оптическая плотность
S118;Контроль;1,139;10;ед;Оптическая плотность
S118;Контроль;1,293;11;ед;Оптическая плотность
S118;Контроль;1,182;12;ед;Оптическая плотность
S118;Контроль;1,085;13;ед;Оптическая плотность
S118;Контроль;1,086;14;ед;Оптическая плотность
S118;Контроль;1,133;15;ед;Оптическая плотность
S118;Контроль;1,069;16;ед;Оптическая плотность
S118;Контроль;1,105;17;ед;Оптическая плотность
S118;Контроль;1,222;18;ед;Оптическая плотность
S118;Контроль;1,301;19;ед;Оптическая плотность
S118;Контроль;1,309;20;ед;Оптическая плотность
S118;Контроль;1,203;21;ед;Оптическая плотность
S118;Контроль;1,206;22;ед;Оптическая плотность
S118;Контроль;1,326;23;ед;Оптическая плотность
S118;Контроль;1,249;24;ед;Оптическая плотность
S201;Опыт;1,382;1;ед;Оптическая плотность
S201;Опыт;1,429;2;ед;Оптическая плотность
S201;Опыт;1,316;3;ед;Оптическая плотность
S201;Опыт;1,360;4;ед;Оптическая плотность
S201;Опыт;1,630;5;ед;Оптическая плотность
S201;Опыт;1,215;6;ед;Оптическая плотность
S201;Опыт;1,406;7;ед;Оптическая плотность
S201;Опыт;1,148;8;ед;Оптическая плотность
S201;Опыт;1,316;9;ед;Оптическая плотность
S201;Опыт;1,232;10;ед;Оптическая плотность
S201;Опыт;1,351;11;ед;Оптическая плотность
S201;Опыт;1,245;12;ед;Оптическая плотность
S201;Опыт;1,471;13;ед;Оптическая плотность
S201;Опыт;1,445;14;ед;Оптическая плотность
S201;Опыт;1,244;15;ед;Оптическая плотность
S201;Опыт;1,448;16;ед;Оптическая плотность
S201;Опыт;1,305;17;ед;Оптическая плотность
S201;Опыт;1,330;18;ед;Оптическая плотность
S201;Опыт;1,509;19;ед;Оптическая плотность
S201;Опыт;1,231;20;ед;Оптическая плотность
S201;Опыт;1,286;21;ед;Оптическая плотность
S201;Опыт;1,452;22;ед;Оптическая плотность
S201;Опыт;1,221;23;ед;Оптическая плотность
S201;Опыт;1,341;24;ед;Оптическая плотность
S202;Опыт;1,349;1;ед;Оптическая плотность
S202;Опыт;1,120;2;ед;Оптическая плотность
S202;Опыт;1,346;3;ед;Оптическая плотность
S202;Опыт;1,333;4;ед;Оптическая плотность
S202;Опыт;1,424;5;ед;Оптическая плотность
S202;Опыт;1,098;6;ед;Оптическая плотность
S202;Опыт;1,330;7;ед;Оптическая плотность
S202;Опыт;1,284;8;ед;Оптическая плотность
S202;Опыт;1,295;9;ед;Оптическая плотность
S202;Опыт;1,311;10;ед;Оптическая плотность
S202;Опыт;1,365;11;ед;Оптическая плотность
S202;Опыт;1,338;12;ед;Оптическая плотность
S202;Опыт;1,277;13;ед;Оптическая плотность
S202;Опыт;1,333;14;ед;Оптическая плотность
S202;Опыт;1,194;15;ед;Оптическая плотность
S202;Опыт;1,540;16;ед;Оптическая плотность
S202;Опыт;1,285;17;ед;Оптическая плотность
S202;Опыт;1,262;18;ед;Оптическая плотность
S202;Опыт;1,208;19;ед;Оптическая плотность
S202;Опыт;1,477;20;ед;Оптическая плотность
S202;Опыт;1,365;21;ед;Оптическая плотность
S202;Опыт;1,151;22;ед;Оптическая плотность
S202;Опыт;1,367;23;ед;Оптическая плотность
S202;Опыт;1,293;24;ед;Оптическая плотность
S203;Опыт;1,318;1;ед;Оптическая плотность
S203;Опыт;1,352;2;ед;Оптическая плотность
S203;Опыт;1,263;3;ед;Оптическая плотность
S203;Опыт;1,474;4;ед;Оптическая плотность
S203;Опыт;1,409;5;ед;Оптическая плотность
S203;Опыт;1,481;6;ед;Оптическая плотность
S203;Опыт;1,348;7;ед;Оптическая плотность
S203;Опыт;1,242;8;ед;Оптическая плотность
S203;Опыт;1,573;9;ед;Оптическая плотность
S203;Опыт;1,293;10;ед;Оптическая плотность
S203;Опыт;1,157;11;ед;Оптическая плотность
S203;Опыт;1,327;12;ед;Оптическая плотность
S203;Опыт;1,256;13;ед;Оптическая плотность
S203;Опыт;1,479;14;ед;Оптическая плотность
S203;Опыт;1,337;15;ед;Оптическая плотность
S203;Опыт;1,401;16;ед;Оптическая плотность
S203;Опыт;1,261;17;ед;Оптическая плотность
S203;Опыт;1,262;18;ед;Оптическая плотность
S203;Опыт;1,369;19;ед;Оптическая плотность
S203;Опыт;1,212;20;ед;Оптическая плотность
S203;Опыт;1,460;21;ед;Оптическая плотность
S203;Опыт;1,386;22;ед;Оптическая плотность
S203;Опыт;1,121;23;ед;Оптическая плотность
S203;Опыт;1,377;24;ед;Оптическая плотность
S204;Опыт;1,324;1;ед;Оптическая плотность
S204;Опыт;1,215;2;ед;Оптическая плотность
S204;Опыт;1,271;3;ед;Оптическая плотность
S204;Опыт;1,238;4;ед;Оптическая плотность
S204;Опыт;1,208;5;ед;Оптическая плотность
S204;Опыт;1,223;6;ед;Оптическая плотность
S204;Опыт;1,346;7;ед;Оптическая плотность
S204;Опыт;1,334;8;ед;Оптическая плотность
S204;Опыт;1,463;9;ед;Оптическая плотность
S204;Опыт;1,463;10;ед;Оптическая плотность
S204;Опыт;1,182;11;ед;Оптическая плотность
S204;Опыт;1,168;12;ед;Оптическая плотность
S204;Опыт;1,560;13;ед;Оптическая плотность
S204;Опыт;1,435;14;ед;Оптическая плотность
S204;Опыт;1,562;15;ед;Оптическая плотность
S204;Опыт;1,390;16;ед;Оптическая плотность
S204;Опыт;1,215;17;ед;Оптическая плотность
S204;Опыт;1,193;18;ед;Оптическая плотность
S204;Опыт;1,331;19;ед;Оптическая плотность
S204;Опыт;1,325;20;ед;Оптическая плотность
S204;Опыт;1,335;21;ед;Оптическая плотность
S204;Опыт;1,303;22;ед;Оптическая плотность
S204;Опыт;1,331;23;ед;Оптическая плотность
S204;Опыт;1,334;24;ед;Оптическая плотность
S205;Опыт;1,282;1;ед;Оптическая плотность
S205;Опыт;1,444;2;ед;Оптическая плотность
S205;Опыт;1,396;3;ед;Оптическая плотность
S205;Опыт;1,323;4;ед;Оптическая плотность
S205;Опыт;1,246;5;ед;Оптическая плотность
S205;Опыт;1,377;6;ед;Оптическая плотность
S205;Опыт;1,137;7;ед;Оптическая плотность
S205;Опыт;1,405;8;ед;Оптическая плотность
S205;Опыт;1,242;9;ед;Оптическая плотность
S205;Опыт;1,339;10;ед;Оптическая плотность
S205;Опыт;1,390;11;ед;Оптическая плотность
S205;Опыт;1,252;12;ед;Оптическая плотность
S205;Опыт;1,108;13;ед;Оптическая плотность
S205;Опыт;1,170;14;ед;Оптическая плотность
S205;Опыт;1,327;15;ед;Оптическая плотность
S205;Опыт;1,408;16;ед;Оптическая плотность
S205;Опыт;1,248;17;ед;Оптическая плотность
S205;Опыт;1,407;18;ед;Оптическая плотность
S205;Опыт;1,328;19;ед;Оптическая плотность
S205;Опыт;1,386;20;ед;Оптическая плотность
S205;Опыт;1,447;21;ед;Оптическая плотность
S205;Опыт;1,355;22;ед;Оптическая плотность
S205;Опыт;1,197;23;ед;Оптическая плотность
S205;Опыт;1,270;24;ед;Оптическая плотность
S206;Опыт;1,383;1;ед;Оптическая плотность
S206;Опыт;1,349;2;ед;Оптическая плотность
S206;Опыт;1,361;3;ед;Оптическая плотность
S206;Опыт;1,458;4;ед;Оптическая плотность
S206;Опыт;1,330;5;ед;Оптическая плотность
S206;Опыт;1,072;6;ед;Оптическая плотность
S206;Опыт;1,430;7;ед;Оптическая плотность
S206;Опыт;1,187;8;ед;Оптическая плотность
S206;Опыт;1,238;9;ед;Оптическая плотность
S206;Опыт;1,289;10;ед;Оптическая плотность
S206;Опыт;1,254;11;ед;Оптическая плотность
S206;Опыт;1,284;12;ед;Оптическая плотность
S206;Опыт;1,397;13;ед;Оптическая плотность
S206;Опыт;1,328;14;ед;Оптическая плотность
S206;Опыт;1,404;15;ед;Оптическая плотность
S206;Опыт;1,494;16;ед;Оптическая плотность
S206;Опыт;1,101;17;ед;Оптическая плотность
S206;Опыт;1,339;18;ед;Оптическая плотность
S206;Опыт;1,169;19;ед;Оптическая плотность
S206;Опыт;1,501;20;ед;Оптическая плотность
S206;Опыт;1,503;21;ед;Оптическая плотность
S206;Опыт;1,285;22;ед;Оптическая плотность
S206;Опыт;1,356;23;ед;Оптическая плотность
S206;Опыт;1,329;24;ед;Оптическая плотность
S207;Опыт;1,434;1;ед;Оптическая плотность
S207;Опыт;1,141;2;ед;Оптическая плотность
S207;Опыт;1,476;3;ед;Оптическая плотность
S207;Опыт;1,422;4;ед;Оптическая плотность
S207;Опыт;1,423;5;ед;Оптическая плотность
S207;Опыт;1,209;6;ед;Оптическая плотность
S207;Опыт;1,316;7;ед;Оптическая плотность
S207;Опыт;1,348;8;ед;Оптическая плотность
S207;Опыт;1,403;9;ед;Оптическая плотность
S207;Опыт;1,314;10;ед;Оптическая плотность
S207;Опыт;1,173;11;ед;Оптическая плотность
S207;Опыт;1,308;12;ед;Оптическая плотность
S207;Опыт;1,221;13;ед;Оптическая плотность
S207;Опыт;1,238;14;ед;Оптическая плотность
S207;Опыт;1,546;15;ед;Оптическая плотность
S207;Опыт;1,066;16;ед;Оптическая плотность
S207;Опыт;1,251;17;ед;Оптическая плотность
S207;Опыт;1,382;18;ед;Оптическая плотность
S207;Опыт;1,504;19;ед;Оптическая плотность
S207;Опыт;1,277;20;ед;Оптическая плотность
S207;Опыт;1,187;21;ед;Оптическая плотность
S207;Опыт;1,472;22;ед;Оптическая плотность
S207;Опыт;1,413;23;ед;Оптическая плотность
S207;Опыт;1,301;24;ед;Оптическая плотность
S208;Опыт;1,224;1;ед;Оптическая плотность
S208;Опыт;1,504;2;ед;Оптическая плотность
S208;Опыт;1,370;3;ед;Оптическая плотность
S208;Опыт;1,389;4;ед;Оптическая плотность
S208;Опыт;1,259;5;ед;Оптическая плотность
S208;Опыт;1,423;6;ед;Оптическая плотность
S208;Опыт;1,283;7;ед;Оптическая плотность
S208;Опыт;1,472;8;ед;Оптическая плотность
S208;Опыт;1,236;9;ед;Оптическая плотность
S208;Опыт;1,386;10;ед;Оптическая плотность
S208;Опыт;1,436;11;ед;Оптическая плотность
S208;Опыт;1,403;12;ед;Оптическая плотность
S208;Опыт;1,292;13;ед;Оптическая плотность
S208;Опыт;1,302;14;ед;Оптическая плотность
S208;Опыт;1,353;15;ед;Оптическая плотность
S208;Опыт;1,206;16;ед;Оптическая плотность
S208;Опыт;1,220;17;ед;Оптическая плотность
S208;Опыт;1,300;18;ед;Оптическая плотность
S208;Опыт;1,286;19;ед;Оптическая плотность
S208;Опыт;1,196;20;ед;Оптическая плотность
S208;Опыт;1,267;21;ед;Оптическая плотность
S208;Опыт;1,336;22;ед;Оптическая плотность
S208;Опыт;1,392;23;ед;Оптическая плотность
S208;Опыт;1,298;24;ед;Оптическая плотность
S209;Опыт;1,311;1;ед;Оптическая плотность
S209;Опыт;1,173;2;ед;Оптическая плотность
S209;Опыт;1,414;3;ед;Оптическая плотность
S209;Опыт;1,214;4;ед;Оптическая плотность
S209;Опыт;1,363;5;ед;Оптическая плотность
S209;Опыт;1,370;6;ед;Оптическая плотность
S209;Опыт;1,522;7;ед;Оптическая плотность
S209;Опыт;1,342;8;ед;Оптическая плотность
S209;Опыт;1,407;9;ед;Оптическая плотность
S209;Опыт;1,203;10;ед;Оптическая плотность
S209;Опыт;1,390;11;ед;Оптическая плотность
S209;Опыт;1,432;12;ед;Оптическая плотность
S209;Опыт;1,173;13;ед;Оптическая плотность
S209;Опыт;1,280;14;ед;Оптическая плотность
S209;Опыт;1,337;15;ед;Оптическая плотность
S209;Опыт;1,367;16;ед;Оптическая плотность
S209;Опыт;1,298;17;ед;Оптическая плотность
S209;Опыт;1,330;18;ед;Оптическая плотность
S209;Опыт;1,301;19;ед;Оптическая плотность
S209;Опыт;1,385;20;ед;Оптическая плотность
S209;Опыт;1,135;21;ед;Оптическая плотность
S209;Опыт;1,315;22;ед;Оптическая плотность
S209;Опыт;1,520;23;ед;Оптическая плотность
S209;Опыт;1,594;24;ед;Оптическая плотность
S210;Опыт;1,231;1;ед;Оптическая плотность
S210;Опыт;1,492;2;ед;Оптическая плотность
S210;Опыт;1,475;3;ед;Оптическая плотность
S210;Опыт;1,560;4;ед;Оптическая плотность
S210;Опыт;1,347;5;ед;Оптическая плотность
S210;Опыт;1,502;6;ед;Оптическая плотность
S210;Опыт;1,204;7;ед;Оптическая плотность
S210;Опыт;1,245;8;ед;Оптическая плотность
S210;Опыт;1,263;9;ед;Оптическая плотность
S210;Опыт;1,403;10;ед;Оптическая плотность
S210;Опыт;1,308;11;ед;Оптическая плотность
S210;Опыт;1,250;12;ед;Оптическая плотность
S210;Опыт;1,320;13;ед;Оптическая плотность
S210;Опыт;1,315;14;ед;Оптическая плотность
S210;Опыт;1,313;15;ед;Оптическая плотность
S210;Опыт;1,414;16;ед;Оптическая плотность
S210;Опыт;1,181;17;ед;Оптическая плотность
S210;Опыт;1,352;18;ед;Оптическая плотность
S210;Опыт;1,389;19;ед;Оптическая плотность
S210;Опыт;1,273;20;ед;Оптическая плотность
S210;Опыт;1,217;21;ед;Оптическая плотность
S210;Опыт;1,309;22;ед;Оптическая плотность
S210;Опыт;1,337;23;ед;Оптическая плотность
S210;Опыт;1,051;24;ед;Оптическая плотность
S211;Опыт;1,265;1;ед;Оптическая плотность
S211;Опыт;1,274;2;ед;Оптическая плотность
S211;Опыт;1,325;3;ед;Оптическая плотность
S211;Опыт;1,240;4;ед;Оптическая плотность
S211;Опыт;1,241;5;ед;Оптическая плотность
S211;Опыт;1,438;6;ед;Оптическая плотность
S211;Опыт;1,268;7;ед;Оптическая плотность
S211;Опыт;1,185;8;ед;Оптическая плотность
S211;Опыт;1,169;9;ед;Оптическая плотность
S211;Опыт;1,466;10;ед;Оптическая плотность
S211;Опыт;1,363;11;ед;Оптическая плотность
S211;Опыт;1,291;12;ед;Оптическая плотность
S211;Опыт;1,432;13;ед;Оптическая плотность
S211;Опыт;1,226;14;ед;Оптическая плотность
S211;Опыт;1,266;15;ед;Оптическая плотность
S211;Опыт;1,303;16;ед;Оптическая плотность
S211;Опыт;1,392;17;ед;Оптическая плотность
S211;Опыт;1,275;18;ед;Оптическая плотность
S211;Опыт;1,146;19;ед;Оптическая плотность
S211;Опыт;1,397;20;ед;Оптическая плотность
S211;Опыт;1,358;21;ед;Оптическая плотность
S211;Опыт;1,280;22;ед;Оптическая плотность
S211;Опыт;1,376;23;ед;Оптическая плотность
S211;Опыт;1,409;24;ед;Оптическая плотность
S212;Опыт;1,274;1;ед;Оптическая плотность
S212;Опыт;1,289;2;ед;Оптическая плотность
S212;Опыт;1,158;3;ед;Оптическая плотность
S212;Опыт;1,287;4;ед;Оптическая плотность
S212;Опыт;1,304;5;ед;Оптическая плотность
S212;Опыт;1,497;6;ед;Оптическая плотность
S212;Опыт;1,407;7;ед;Оптическая плотность
S212;Опыт;1,342;8;ед;Оптическая плотность
S212;Опыт;1,343;9;ед;Оптическая плотность
S212;Опыт;1,142;10;ед;Оптическая плотность
S212;Опыт;1,323;11;ед;Оптическая плотность
S212;Опыт;1,411;12;ед;Оптическая плотность
S212;Опыт;1,179;13;ед;Оптическая плотность
S212;Опыт;1,177;14;ед;Оптическая плотность
S212;Опыт;1,090;15;ед;Оптическая плотность
S212;Опыт;1,412;16;ед;Оптическая плотность
S212;Опыт;1,313;17;ед;Оптическая плотность
S212;Опыт;1,278;18;ед;Оптическая плотность
S212;Опыт;1,150;19;ед;Оптическая плотность
S212;Опыт;1,323;20;ед;Оптическая плотность
S212;Опыт;1,246;21;ед;Оптическая плотность
S212;Опыт;1,347;22;ед;Оптическая плотность
S212;Опыт;1,143;23;ед;Оптическая плотность
S212;Опыт;1,284;24;ед;Оптическая плотность
S213;Опыт;1,189;1;ед;Оптическая плотность
S213;Опыт;1,168;2;ед;Оптическая плотность
S213;Опыт;1,303;3;ед;Оптическая плотность
S213;Опыт;1,349;4;ед;Оптическая плотность
S213;Опыт;1,290;5;ед;Оптическая плотность
S213;Опыт;1,298;6;ед;Оптическая плотность
S213;Опыт;1,323;7;ед;Оптическая плотность
S213;Опыт;1,208;8;ед;Оптическая плотность
S213;Опыт;1,312;9;ед;Оптическая плотность
S213;Опыт;1,254;10;ед;Оптическая плотность
S213;Опыт;1,402;11;ед;Оптическая плотность
S213;Опыт;1,286;12;ед;Оптическая плотность
S213;Опыт;1,292;13;ед;Оптическая плотность
S213;Опыт;1,296;14;ед;Оптическая плотность
S213;Опыт;1,416;15;ед;Оптическая плотность
S213;Опыт;1,555;16;ед;Оптическая плотность
S213;Опыт;1,273;17;ед;Оптическая плотность
S213;Опыт;1,417;18;ед;Оптическая плотность
S213;Опыт;1,338;19;ед;Оптическая плотность
S213;Опыт;1,242;20;ед;Оптическая плотность
S213;Опыт;1,314;21;ед;Оптическая плотность
S213;Опыт;1,305;22;ед;Оптическая плотность
S213;Опыт;1,323;23;ед;Оптическая плотность
S213;Опыт;1,357;24;ед;Оптическая плотность
S214;Опыт;1,420;1;ед;Оптическая плотность
S214;Опыт;1,407;2;ед;Оптическая плотность
S214;Опыт;1,468;3;ед;Оптическая плотность
S214;Опыт;1,272;4;ед;Оптическая плотность
S214;Опыт;1,172;5;ед;Оптическая плотность
S214;Опыт;1,397;6;ед;Оптическая плотность
S214;Опыт;1,437;7;ед;Оптическая плотность
S214;Опыт;1,354;8;ед;Оптическая плотность
S214;Опыт;1,335;9;ед;Оптическая плотность
S214;Опыт;1,432;10;ед;Оптическая плотность
S214;Опыт;1,254;11;ед;Оптическая плотность
S214;Опыт;1,239;12;ед;Оптическая плотность
S214;Опыт;1,478;13;ед;Оптическая плотность
S214;Опыт;1,311;14;ед;Оптическая плотность
S214;Опыт;1,454;15;ед;Оптическая плотность
S214;Опыт;1,125;16;ед;Оптическая плотность
S214;Опыт;1,457;17;ед;Оптическая плотность
S214;Опыт;1,392;18;ед;Оптическая плотность
S214;Опыт;1,396;19;ед;Оптическая плотность
S214;Опыт;1,407;20;ед;Оптическая плотность
S214;Опыт;1,232;21;ед;Оптическая плотность
S214;Опыт;1,333;22;ед;Оптическая плотность
S214;Опыт;1,183;23;ед;Оптическая плотность
S214;Опыт;1,348;24;ед;Оптическая плотность
S215;Опыт;1,326;1;ед;Оптическая плотность
S215;Опыт;1,348;2;ед;Оптическая плотность
S215;Опыт;1,260;3;ед;Оптическая плотность
S215;Опыт;1,228;4;ед;Оптическая плотность
S215;Опыт;1,204;5;ед;Оптическая плотность
S215;Опыт;1,425;6;ед;Оптическая плотность
S215;Опыт;1,200;7;ед;Оптическая плотность
S215;Опыт;1,438;8;ед;Оптическая плотность
S215;Опыт;1,432;9;ед;Оптическая плотность
S215;Опыт;1,430;10;ед;Оптическая плотность
S215;Опыт;1,260;11;ед;Оптическая плотность
S215;Опыт;1,159;12;ед;Оптическая плотность
S215;Опыт;1,348;13;ед;Оптическая плотность
S215;Опыт;1,294;14;ед;Оптическая плотность
S215;Опыт;1,288;15;ед;Оптическая плотность
S215;Опыт;1,273;16;ед;Оптическая плотность
S215;Опыт;1,191;17;ед;Оптическая плотность
S215;Опыт;1,296;18;ед;Оптическая плотность
S215;Опыт;1,255;19;ед;Оптическая плотность
S215;Опыт;1,360;20;ед;Оптическая плотность
S215;Опыт;1,375;21;ед;Оптическая плотность
S215;Опыт;1,328;22;ед;Оптическая плотность
S215;Опыт;1,281;23;ед;Оптическая плотность
S215;Опыт;1,300;24;ед;Оптическая плотность
S216;Опыт;1,398;1;ед;Оптическая плотность
S216;Опыт;1,369;2;ед;Оптическая плотность
S216;Опыт;1,297;3;ед;Оптическая плотность
S216;Опыт;1,149;4;ед;Оптическая плотность
S216;Опыт;1,191;5;ед;Оптическая плотность
S216;Опыт;1,092;6;ед;Оптическая плотность
S216;Опыт;1,519;7;ед;Оптическая плотность
S216;Опыт;1,042;8;ед;Оптическая плотность
S216;Опыт;1,365;9;ед;Оптическая плотность
S216;Опыт;1,410;10;ед;Оптическая плотность
S216;Опыт;1,172;11;ед;Оптическая плотность
S216;Опыт;1,343;12;ед;Оптическая плотность
S216;Опыт;1,458;13;ед;Оптическая плотность
S216;Опыт;1,411;14;ед;Оптическая плотность
S216;Опыт;1,513;15;ед;Оптическая плотность
S216;Опыт;1,201;16;ед;Оптическая плотность
S216;Опыт;1,322;17;ед;Оптическая плотность
S216;Опыт;1,246;18;ед;Оптическая плотность
S216;Опыт;1,350;19;ед;Оптическая плотность
S216;Опыт;1,353;20;ед;Оптическая плотность
S216;Опыт;1,513;21;ед;Оптическая плотность
S216;Опыт;1,220;22;ед;Оптическая плотность
S216;Опыт;1,065;23;ед;Оптическая плотность
S216;Опыт;1,404;24;ед;Оптическая плотность
S217;Опыт;1,590;1;ед;Оптическая плотность
S217;Опыт;1,261;2;ед;Оптическая плотность
S217;Опыт;1,345;3;ед;Оптическая плотность
S217;Опыт;1,220;4;ед;Оптическая плотность
S217;Опыт;1,198;5;ед;Оптическая плотность
S217;Опыт;1,336;6;ед;Оптическая плотность
S217;Опыт;1,274;7;ед;Оптическая плотность
S217;Опыт;1,449;8;ед;Оптическая плотность
S217;Опыт;1,464;9;ед;Оптическая плотность
S217;Опыт;1,256;10;ед;Оптическая плотность
S217;Опыт;1,223;11;ед;Оптическая плотность
S217;Опыт;1,370;12;ед;Оптическая плотность
S217;Опыт;1,483;13;ед;Оптическая плотность
S217;Опыт;1,454;14;ед;Оптическая плотность
S217;Опыт;1,470;15;ед;Оптическая плотность
S217;Опыт;1,187;16;ед;Оптическая плотность
S217;Опыт;1,303;17;ед;Оптическая плотность
S217;Опыт;1,482;18;ед;Оптическая плотность
S217;Опыт;1,309;19;ед;Оптическая плотность
S217;Опыт;1,332;20;ед;Оптическая плотность
S217;Опыт;1,156;21;ед;Оптическая плотность
S217;Опыт;1,436;22;ед;Оптическая плотность
S217;Опыт;1,442;23;ед;Оптическая плотность
S217;Опыт;1,555;24;ед;Оптическая плотность
S218;Опыт;1,254;1;ед;Оптическая плотность
S218;Опыт;1,292;2;ед;Оптическая плотность
S218;Опыт;1,230;3;ед;Оптическая плотность
S218;Опыт;1,387;4;ед;Оптическая плотность
S218;Опыт;1,543;5;ед;Оптическая плотность
S218;Опыт;1,364;6;ед;Оптическая плотность
S218;Опыт;1,518;7;ед;Оптическая плотность
S218;Опыт;1,474;8;ед;Оптическая плотность
S218;Опыт;1,418;9;ед;Оптическая плотность
S218;Опыт;1,185;10;ед;Оптическая плотность
S218;Опыт;1,279;11;ед;Оптическая плотность
S218;Опыт;1,440;12;ед;Оптическая плотность
S218;Опыт;1,203;13;ед;Оптическая плотность
S218;Опыт;1,085;14;ед;Оптическая плотность
S218;Опыт;1,323;15;ед;Оптическая плотность
S218;Опыт;1,148;16;ед;Оптическая плотность
S218;Опыт;1,255;17;ед;Оптическая плотность
S218;Опыт;1,352;18;ед;Оптическая плотность
S218;Опыт;1,217;19;ед;Оптическая плотность
S218;Опыт;1,133;20;ед;Оптическая плотность
S218;Опыт;1,346;21;ед;Оптическая плотность
S218;Опыт;1,454;22;ед;Оптическая плотность
S218;Опыт;1,216;23;ед;Оптическая плотность
S218;Опыт;1,489;24;ед;Оптическая плотность
